id,name,role,tags,what it tests,problem,step 1 action,step 1 tools,step 2 action,step 2 tools,step 3 action,step 3 tools,step 4 action,step 4 tools,step 5 action,step 5 tools,step 6 action,step 6 tools,step 7 action,step 7 tools,chat 1 handoff,chat 2a output,chat 2b keep,chat 3 context,retry 1,retry 2a,retry 2b,retry 3
marcus,Marcus Reyes,"Regional sales manager, 12 accounts",clean,The clean case. Specific answers at every turn - this is the ceiling.,"Every Thursday I spend about three hours pulling numbers for the Friday pipeline review - same twelve accounts, same slides, and half of it is retyping what Salesforce already knows.",Export current-quarter opportunities,Salesforce,Clean and pivot the numbers,Excel,Rebuild the twelve account slides,PowerPoint,Write the summary email to my director,Outlook,,,,,,,"Step 3, rebuilding the slides. Same twelve layouts every week with new numbers dropped in, and it eats an hour and a half on its own.","One slide per account: account name, quarter-to-date number against target, the two deals most likely to close, and one line on risk. Same order every week, no more than 40 words per slide.","The risk line. That is my read on the account from calls I have had, and it is the only part my director actually reads closely.","Never estimate a number - if a field is blank in the export, write MISSING and leave it. Account names must match Salesforce exactly including the Inc and LLC suffixes. Anything above 250k needs a legal review flag.",,,,
dana,Dana Whitcomb,"Grants coordinator, small nonprofit",vague,"The vague case. Every answer is mush. Does the activity produce something honest about that, or something that only looks finished?",I spend way too long every month writing up our grant reports and it is basically the same thing each time.,Gather program numbers from the team,"Email, Google Sheets",Write the narrative section,Google Docs,Format to each funder's template,Word,,,,,,,,,Probably the writing part. It just takes forever.,Just something that sounds professional and is not so dry.,"I do not know, I guess the parts about impact?","Not really anything, just make it good.","The narrative section, step 2. I want a first draft I can edit.","I do not know really, just better than what I write now.",The impact stories. Those come from site visits and I write those myself.,Nothing comes to mind.
amara,Amara Osei,Clinical research coordinator,contradiction | regulated,The over-handover case. Chat 1 offers up the judgment call; chat 2 takes it back. Does the finished prompt end up coherent or self-contradicting?,"Every week I write screening summaries for people who contacted us about the diabetes trial - about fifteen a week, and I am copying the same eligibility language over and over.",Pull the intake questionnaire responses,REDCap,Check each against inclusion and exclusion criteria,Protocol PDF,Write a one-paragraph screening summary,Word,Log the outcome,REDCap,,,,,,,Honestly all of it. Step 2 especially - checking criteria is just matching a list.,"One paragraph per candidate, plain language, stating which criteria they meet and which they do not. No more than 150 words.",The final eligible or not eligible call. That has to be me - it goes in the regulatory file with my name on it.,"Never infer a value that was not in the questionnaire - if something is missing, say MISSING. Never use the participant name, only the study ID. And it must never state that someone is eligible, only whether the criteria are met.",,,,
priya,Priya Raghavan,Hospital scheduling coordinator,clean,"Clean run in a shift-work setting. Short workflow, hard constraints.","Every day I get twenty or so shift swap requests by text and email, and I have to check each one against the roster rules before I can say yes or no.",Collect the swap requests from text and email,"Outlook, phone",Check each against the roster rules,Kronos,Reply to the nurse and update the roster,"Outlook, Kronos",,,,,,,,,"Step 2, checking each request against the rules. It is the same seven rules every time and I do it twenty times a day.","For each request: the two names, the two shifts, which rules it passes, which it fails, and a one-line plain-English reason. No more than 60 words each.",The final yes or no. Some of these are close calls about fairness and I have to own that with my staff.,"Never guess at a rule. If a shift is missing from the roster export, write MISSING and stop. Use the badge number, not the name, in anything you write back.",,,,
tomas,Tomás Herrera,Restaurant general manager,clean,"Non-desk job, physical inventory, supplier ordering.","Every Sunday night I count inventory and put in five supplier orders, and I spend two hours rebuilding the same order sheets from last week with different numbers.",Count what is on the shelves,"clipboard, MarketMan",Compare against par levels,MarketMan,Build the order for each of five suppliers,Excel,Email each supplier,Gmail,,,,,,,"Step 3, building the five order sheets. Once I know the counts it is just arithmetic against par and I have done it wrong when I am tired.","One order sheet per supplier, their item codes in their order, quantity and unit only. No prices. Flag anything I am ordering more than 30 percent above last week.",Anything perishable. I decide how much produce to buy based on what the weather is doing and how the weekend went.,"Never round quantities up to a case unless the supplier only sells cases. Sysco item codes are seven digits, the others are five. If a par level is blank, write MISSING.",,,,
lena,Lena Fischer,HR generalist,clean,Templated documents with legal exposure.,"I write about eight offer letters a month and each one is the same document with the salary, title, start date and equity swapped out, plus whatever the hiring manager negotiated.",Pull the approved offer terms,Greenhouse,Draft the letter from our template,Word,Send for countersignature,DocuSign,,,,,,,,,"Step 2, drafting the letter. The template is fixed, it is just filling it correctly and getting the negotiated bits worded right.","Our standard letter, exactly the template order, with the six variable fields filled. Under one page. Formal but not stiff.",Anything about the equity grant. That wording has been through legal and I do not improvise on it.,"Never invent a start date - if it is not in the approved terms, write MISSING. Job titles must match the requisition exactly. Never mention bonus eligibility unless the terms include it.",,,,
wesley,Wesley Okafor,Municipal permits clerk,clean,Public-facing writing with a compliance edge.,"I send about forty permit status letters a week and they are the same six paragraphs with a different address, permit number and reason for delay.",Pull the permit record,Accela,Work out which status letter applies,Accela,Write and send the letter,"Word, Outlook",,,,,,,,,"Step 3, writing the letter. There are six templates and I know which one applies by the time I get there.","Formal letter, our four-paragraph structure, plain language at about an eighth grade reading level. Under 250 words. Always ends with the appeal window.",Any letter that involves a code violation. Those can end up in front of a hearing officer and I write those myself.,"Never state a decision the record does not show. Permit numbers are formatted BLD-YYYY-NNNN. If the delay reason field is empty, write MISSING rather than guessing.",,,,
aditi,Aditi Sharma,"Customer support lead, SaaS",clean,Synthesis rather than templating - summarising many items into themes.,"Every Friday I read through the week’s support tickets and write up the top themes for the product team, which takes me most of an afternoon.",Export the week’s resolved tickets,Zendesk,Group them into themes by hand,Google Sheets,Write the summary for product,Notion,,,,,,,,,"Step 2, the grouping. I am reading four hundred tickets and sorting them into maybe eight buckets, and that is the part that eats the afternoon.","Eight themes maximum, each with a count, two representative ticket IDs, and one sentence on what the customer was actually trying to do. Ranked by count.",The recommendation at the end about what product should fix first. That is a judgement call about our roadmap and it is mine.,"Never merge two themes that have different root causes just because the wording is similar. Use ticket IDs, never customer names. If a ticket has no resolution note, leave it out and say how many you left out.",,,,
colm,Colm Byrne,Construction estimator,clean,Numeric comparison work where a mistake is expensive.,For every project I get five to nine subcontractor bids in different formats and I have to normalise them into one comparison sheet before I can recommend anything.,Collect the bid PDFs,email,Pull the line items into a common format,Excel,Flag scope gaps and exclusions,Excel,Write the recommendation memo,Word,,,,,,,"Step 2, normalising the line items. Every sub formats their bid differently and I am retyping the same twelve trades into my sheet.","One row per trade, one column per bidder, dollars only. A separate list of anything a bidder excluded that others included. No commentary.",The recommendation. Price is only half of it and the other half is whether I trust the crew to show up.,"Never total a column that has a missing bid in it. Alternates are not base bid - keep them separate. If a bid has no date, write MISSING.",,,,
ruth,Ruth Delgado,School district data analyst,clean,Education data with student privacy constraints.,"Every Monday I flag students whose attendance has dropped and write a short note to each school so they can follow up, about thirty notes a week.",Pull last week’s attendance,PowerSchool,Compare against the four-week average,Excel,Write a note per school,Outlook,,,,,,,,,"Step 3, writing the notes. It is the same three sentences per student and I write thirty of them.","One short paragraph per school listing the flagged students by ID, their current rate against their average, and the drop. No more than 100 words per school.",Anything about why a student might be absent. I do not speculate and neither should this.,"Never use a student name, only the state ID. Never suggest a cause for the absence. If attendance data is incomplete for a week, say MISSING and do not calculate an average from partial data.",,,,
brett,Brett Halloran,"Owner, three-van plumbing business",vague,"Vague and busy. Not evasive, just has never had to specify anything.","I spend my evenings answering customer emails and it eats my whole night, every night.",Read the day’s emails,Gmail,Write back to each one,Gmail,,,,,,,,,,,The emails. All of it really.,Just professional. Something that sounds like me but faster.,I mean I should probably check them.,Not really. Just do it right.,"Step 2, writing back. Mostly quotes and scheduling.","Short. Two or three sentences, friendly, no jargon.",Anything with a price in it. I want to see those before they go.,Never quote a price. Leave a blank for it and I will fill it in.
sofia,Sofia Marchetti,Marketing coordinator,vague | subjective,"Vague AND subjective - ""on brand"" is the whole spec in her head.",I write social captions for three channels every week and it takes forever to make them not sound the same.,Get the week’s content from the team,Slack,Write captions for each channel,Google Docs,Schedule them,Later,,,,,,,,,The writing. Obviously.,"On brand. You know, our voice.",Hmm. I guess anything sensitive?,Not that I can think of.,Step 2. I want first drafts for each channel that I can then cut down.,"Instagram under 125 characters, LinkedIn two short paragraphs, no hashtags anywhere. Never use an exclamation mark.",Anything about a customer story. Those need their approval and I handle that.,Never name a client unless I have put the name in the brief. No emoji in LinkedIn.
gerald,Gerald Whitmore,Independent insurance agent,vague,Vague and stays vague. Both pushbacks fail - the marked-prompt path.,The paperwork side of renewals takes up way more of my week than it should.,Pull the renewal list,AMS360,Prepare each renewal packet,Word,Mail or email it out,Outlook,,,,,,,,,The paperwork part.,Better than what I do now.,Not sure.,Nothing really comes to mind.,Honestly all the paperwork.,Just cleaner I guess.,I would have to think about it.,"No, nothing."
nadia,Nadia Hassan,Residential realtor,vague | subjective,"Vague, and the good answer is genuinely hard to articulate.",I write listing descriptions for every property and after ten years they all sound identical to me.,Walk the property and take notes,phone,Pull the specs from the MLS sheet,MLS,Write the description,MLS,,,,,,,,,The writing bit.,Something that actually sells the place.,I do not know really.,Just make it sound good.,Step 3. A first draft from my walkthrough notes and the specs.,"Under 200 words, no more than two adjectives in a row, leads with the thing that is actually unusual about the house.",Anything about the neighbourhood or schools. Fair housing rules and I will not risk it.,"Never mention schools, demographics, or who would like the house. Never say a square footage that is not on the MLS sheet."
julian,Julian Feldman,"Paralegal, litigation",contradiction | regulated,"Offers up the legal judgement in chat 1, pulls it back in chat 2.","I summarise deposition transcripts for the attorneys, about four a month, and each one is three hundred pages I have to boil down to two.",Read the transcript,Westlaw,Pull out the relevant testimony,Word,Write the summary memo,Word,Flag anything that contradicts an earlier deposition,Word,,,,,,,"All of it honestly. Especially step 4, contradiction spotting is just comparing two documents.","Two pages maximum, chronological, every point cited to a page and line number. No characterisation, just what was said.",Calling something a contradiction. That is a legal judgement and if I am wrong an attorney walks into a deposition with bad information.,"Never paraphrase testimony without the page and line cite. Never infer what a witness meant. If a passage is unclear, quote it and say it is unclear.",,,,
hana,Hana Kimura,Pharmacy technician,contradiction | regulated,Sweeping handoff on something with patient-safety consequences.,I prepare the daily med reconciliation lists for the pharmacist and I am transcribing the same fields off intake forms fifty times a day.,Pull the intake medication list,Epic,Cross-check against the current profile,Epic,Flag interactions and duplicates,Lexicomp,Build the reconciliation sheet for the pharmacist,Excel,,,,,,,"Everything. Step 3 especially, interaction checking is a lookup table.","One row per medication: name, dose, route, frequency, source. Anything that differs between the two lists highlighted. Nothing else.",The clinical call on whether an interaction actually matters for this patient. That is the pharmacist’s and I do not touch it.,"Never infer a dose that is not written down. Never expand an abbreviation you are not certain of - flag it. Never say a drug is safe or unsafe, only that the lists differ.",,,,
owen,Owen Fitzgerald,Commercial loan officer,contradiction | regulated,"Wants the approve/decline call automated, then admits it cannot be.",I write credit memos for every loan application and it is the same eight sections every time with different numbers in them.,Pull the financials and credit report,nCino,Calculate the ratios,Excel,Write the credit memo,Word,Recommend approve or decline,nCino,,,,,,,"The whole memo, and honestly step 4 too. The ratios tell you the answer.","Our eight-section memo, in order, ratios shown to two decimal places with the inputs beside them. Under three pages.",The recommendation. It goes to committee with my name on it and there is always something the ratios do not show.,"Never calculate a ratio from an incomplete statement - say MISSING. Never characterise the borrower. Never state a recommendation, only the figures.",,,,
margaret,Margaret Oyelaran,"Clinical therapist, private practice",keeps-all | regulated,"Wants to keep every step. Tests whether the activity can produce anything useful when the honest answer is ""not much"".","I write progress notes after every session, about twenty five a week, and it adds an hour to every day.",Write the session note,SimplePractice,Update the treatment plan if needed,SimplePractice,Submit for billing,SimplePractice,,,,,,,,,Honestly none of it. Every word of a progress note is clinical judgement and it is a legal record.,If it did anything it would just be the structure - our note format with the headings and nothing filled in.,"All of the content. Every observation, every intervention, every assessment.",Never write clinical content. Never infer a diagnosis. Never put anything in a note that I did not say happened.,,,,
desmond,Desmond Clarke,Investigative reporter,keeps-all,"Refuses the premise, sceptically. Tests the tone when the learner pushes back on the activity itself.",I spend a full day a week just organising interview notes and documents so I can find things later.,Transcribe interviews,Otter,Tag documents by source and topic,DEVONthink,Write the running chronology,Scrivener,,,,,,,,,"Step 2, the tagging. That is filing, not journalism. Nothing else.","Tags only. Source, date, topic, and whether it is on the record. No summaries, no interpretation.",Everything else. The chronology is where I work out what the story is and I am not outsourcing that.,"Never summarise a document. Never characterise a source. Never merge two sources into one entry. If a date is ambiguous, tag it unknown.",,,,
yuki,Yuki Tanaka,Veterinary practice manager,edge | clean,Almost no software. Tests what the tools field does when the honest answer is paper.,"Every morning I go through yesterday’s paper intake forms and type them into the system, about thirty forms.",Sort yesterday’s paper forms,paper,Type each into the record,ezyVet,File the paper copy,filing cabinet,,,,,,,,,"Step 2, the typing. It is transcription and I make mistakes when I rush it.","One record per form, our field order, exactly what is written on the form. Anything illegible marked, not guessed.",Anything in the notes field about the animal’s condition. If the vet wrote it I want to read it myself.,"Never expand an abbreviation. Never clean up a phone number, type what is written. If handwriting is unclear, write UNCLEAR and move on.",,,,
fabien,Fabien Roux,Logistics coordinator,edge | clean,Seven workflow steps. Tests the step builder and how a long list reads in the finished prompt.,"Every shipment I book goes through the same seven-step paper trail, and a full booking takes forty minutes of copying the same details between systems.",Take the booking request,email,Check carrier capacity,Freightos,Quote the customer,Excel,Book the carrier,carrier portal,Raise the customs paperwork,CustomsLink,Send the confirmation pack,Outlook,Log it in the ledger,SAP,"Step 6, the confirmation pack. Six documents that all say the same thing in different boxes.","The six standard documents, our field order, every reference number matching the booking exactly. No prose.","The customs classification. Get that wrong and it is my licence, not a delayed box.","Never invent an HS code. Never round a weight. Container numbers are four letters then seven digits, and if one does not match that, stop and flag it.",,,,
grace,Grace Ampofo,Freelance bookkeeper,edge | clean,"Only two workflow steps, the minimum the activity accepts.",Every month end I categorise about four hundred transactions across six clients and it is the same categories every time.,Pull the month’s transactions,Xero,Categorise each one,Xero,,,,,,,,,,,Step 2. Ninety percent of them are the same twenty vendors every month.,One line per transaction with a proposed category and a confidence level. Anything below high confidence goes in a separate list for me.,"Anything I have not seen before, and anything over five hundred pounds. Those I look at myself.","Never create a new category. Never split a transaction. If a vendor is new, put it in the review list rather than guessing.",,,,
ivan,Ivan Petrov,Research lab manager,edge,A very long problem statement. Tests how a wall of text renders and carries into the prompt.,"Every quarter I put together the compliance reporting pack for three funding bodies, and each one wants the same underlying information in a different structure with different terminology, so I end up rewriting the same fifteen facts three times over, plus there is a safety section that overlaps with our internal audit but not exactly, and the deadlines are two weeks apart which means I do it three times rather than once, and by the third one I have usually lost track of which version has the corrected headcount in it.",Gather the quarter’s figures,"Excel, LabArchives",Write each funder’s report,Word,Cross-check the three against each other,Word,Submit,funder portals,,,,,,,"Step 2, writing the three reports from one set of figures. Same facts, three structures.","Three documents, each in that funder’s section order and their terminology. Every figure identical across all three. No narrative beyond what each section asks for.","The safety section. That has my signature on it and I write it once, carefully, myself.","Never let a figure differ between the three reports. If a figure is provisional, say so in every report it appears in. Never use one funder’s terminology in another’s document.",,,,
bilal,Bilal Karim,IT support technician,edge,"Terse throughout, but genuinely specific. Tests whether the vagueness check fires on brevity alone.","I write up ticket resolutions at the end of every day. Thirty tickets, the same six sentence shapes.",Review the day’s closed tickets,Jira,Write the resolution note,Jira,,,,,,,,,,,Step 2. Draft note per ticket.,"Four lines: symptom, cause, fix, prevention. Under 60 words. No jargon.",Root cause when it is a guess. I mark those myself.,Never state a cause the ticket does not evidence. Asset tags are six digits. A missing field means MISSING.,,,,
rosa,Rosa Jiménez,Community college advisor,edge,Answers questions with questions. Tests what happens when the learner will not commit.,"I write degree audit summaries for students, about forty a term, explaining what they still need in order to graduate.",Run the degree audit,Banner,Work out what is still outstanding,Banner,Write the summary for the student,Outlook,,,,,,,,,What would you suggest? Probably the writing?,What does a good one usually look like for something like this?,What do most people keep?,Is there anything I should be worried about here?,"Step 3 then. The summary email, from the audit output.","Plain language, under 200 words, a bulleted list of what is left and how many credits each one is.","Any advice about what to take next term. That is a conversation, not an email.","Never tell a student they will graduate on a date. Never mention financial aid. If the audit has an exception on it, say to come and see me."
simone,Simone Aubert,Museum exhibit copywriter,subjective,Craft work where good is genuinely contested. Tests whether an output spec can carry taste.,"I write wall labels for every object in a show, two hundred labels, and each one has to say the same kind of thing in fifty words.",Read the curator’s object notes,Google Docs,Check the object record,TMS,Write the label,Google Docs,Send to the curator for review,Google Docs,,,,,,,"Step 3, a first draft of each label from the curator notes and the object record.","Exactly fifty words. One idea per label. No art-historical jargon, no masterpiece, no rhetorical questions. Present tense.","The opening sentence. That is what a visitor reads in the two seconds they give me, and I write those.","Never state a date or attribution that is not in the object record. If the record says attributed to, the label must say it too. Never describe what the artist was feeling.",,,,
theo,Theo Nkemelu,Podcast producer,subjective | clean,"Creative-adjacent, but with a hard format spec.","Every episode needs show notes, timestamps and three social pull-quotes, and it takes me longer than the edit does.",Get the transcript,Descript,Write the episode summary,Notion,Timestamp the chapters,Descript,Pull three quotes for social,Notion,,,,,,,"Steps 2 and 4, the summary and the quote pulls. Timestamps I do while editing anyway.","Summary under 120 words in second person. Three quotes, each under 25 words, verbatim from the transcript with a timestamp.",Which quotes actually go out. The best line for the show is not always the best line in the episode.,"Quotes must be word for word, never tidied up. Never quote the ad read. If a guest asked for something off the record it is not in the transcript, so never fill gaps.",,,,
bridget,Bridget Nolan,Grant programme reviewer,subjective | regulated,Evaluative writing where consistency between reviewers is the whole point.,I score about sixty applications a round and write a scoring narrative for each one against five criteria.,Read the application,Submittable,Score against the five criteria,rubric,Write the narrative for each score,Submittable,Submit the review,Submittable,,,,,,,"Step 3, the narrative. The score is mine, but writing out why in the house style takes as long as reading the thing.","One paragraph per criterion, 60 to 80 words, quoting the application where it evidences the score. Neutral tone, no praise language.",The scores themselves. Every one of them.,"Never suggest a score. Never compare one applicant to another. Only quote what is in the application, and if a criterion is not addressed, say it is not addressed.",,,,
anders,Anders Lindqvist,Aircraft maintenance planner,regulated | clean,Airworthiness records. The strictest guardrails in the set.,"Every check I plan generates the same work package paperwork, and I spend a day and a half transcribing task numbers between three systems.",Pull the due tasks,AMOS,Build the work package,AMOS,Cross-check against the maintenance programme,PDF,Issue to the hangar,AMOS,,,,,,,"Step 2, building the package from the due list. It is assembly, not engineering judgement.","One line per task: task number, revision, zone, estimated hours, required qualification. In task number order. Nothing else.",Anything involving a deferral. Deferring a task is a signed engineering decision and it is mine.,"Never transcribe a task number without its revision letter. Never combine two tasks. If the programme revision does not match the task revision, stop and flag it rather than resolving it.",,,,
cheryl,Cheryl Boateng,Child welfare case worker,regulated | keeps-all,"The highest-stakes case in the set, where the right answer is that most of it stays human.","I write court report summaries for every case going to review, about twelve a month, and each one pulls from six months of case notes.",Review the case notes,SACWIS,Pull the chronology of contacts,SACWIS,Write the summary,Word,File with the court,court portal,,,,,,,"Step 2, the chronology. Dates, contact type, who was present. It is extraction from what I already wrote.","A table: date, contact type, participants, whether it was announced. Chronological. No narrative, no summary of what happened.","Every word of the assessment. What the contacts mean for this child is the entire job, and it goes to a judge under my name.","Never characterise a contact. Never infer why a visit did not happen. Use initials, never full names of children. If a note is missing for a scheduled contact, show the gap rather than closing it.",,,,
